Assembly_Path,PRODHIERARCHY,MATGROUP,MATERIALTYPE,EXTMATGROUP,LAB_OFFICE,HDMATWT
C:\Temp\Test02_versionUpgrad\All_IPT\10192454-DWK.0011.ipt,M38140 ,MA,YHAM,Z273,135,
C:\Temp\Test02_versionUpgrad\All_IPT\1730290.0005.ipt,M37401 ,FC,YHAM,TX460,094,
C:\Temp\Test02_versionUpgrad\All_IPT\482020-2719.0001.ipt,,,,,135,
C:\Temp\Test02_versionUpgrad\All_IPT\482027-859.0004.ipt,,EG,YHAM,,135,
C:\Temp\Test02_versionUpgrad\All_IPT\6660305.2.0003.ipt,,,,,072,
C:\Temp\Test02_versionUpgrad\All_IPT\6681430.1.0005.ipt,,,,,,
C:\Temp\Test02_versionUpgrad\All_IPT\75085.1160.0005.ipt,M37401 ,FE,YHAM,TX460,093,
C:\Temp\Test02_versionUpgrad\All_IPT\80117760500-3.0007.ipt,M38150 ,MA,YHAM,Z270,135,
C:\Temp\Test02_versionUpgrad\All_IPT\AX00-100000001.0008.ipt,M38140 ,FC,,Z271,135,
C:\Temp\Test02_versionUpgrad\All_IPT\AX00-100000029.0002.ipt,M38150 ,MA,YHAM,Z271,135,
C:\Temp\Test02_versionUpgrad\All_IPT\AX00-100000035.0006.ipt,M38150 ,MA,YHAM,Z271,135,
C:\Temp\Test02_versionUpgrad\All_IPT\AX00-100000041.0005.ipt,M38150 ,MA,YHAM,Z271,135,
C:\Temp\Test02_versionUpgrad\All_IPT\AX00-100000134.0004.ipt,M38140 ,MA,YHAM,Z272,135,
C:\Temp\Test02_versionUpgrad\All_IPT\AX00-100000144.0003.ipt,M38140 ,MA,YHAM,Z276,135,
C:\Temp\Test02_versionUpgrad\All_IPT\AX00-100000154.0018.ipt,M38140 ,MA,YHAM,Z271,135,
C:\Temp\Test02_versionUpgrad\All_IPT\AX00-100000165.0004.ipt,M38140 ,HO,YHAM,Z271,135,
C:\Temp\Test02_versionUpgrad\All_IPT\AX00-100000174.0008.ipt,M38140 ,MA,YHAM,Z271,135,
C:\Temp\Test02_versionUpgrad\All_IPT\AX00-100000184.0008.ipt,M38140 ,MA,YHAM,Z271,135,
C:\Temp\Test02_versionUpgrad\All_IPT\AX00-100000192.0007.ipt,M38140 ,EG,YHAM,Z271,135,
C:\Temp\Test02_versionUpgrad\All_IPT\AX00-100000205.0009.ipt,M38140 ,MA,YHAM,Z271,135,
C:\Temp\Test02_versionUpgrad\All_IPT\AX00-100000216.0005.ipt,M38140 ,FE,YHAM,Z271,135,
C:\Temp\Test02_versionUpgrad\All_IPT\AX00-100000229.0004.ipt,M38140 ,FE,YHAM,Z271,135,
C:\Temp\Test02_versionUpgrad\All_IPT\AX00-100000243.0074.ipt,M38140 ,MA,YHAM,Z271,135,
C:\Temp\Test02_versionUpgrad\All_IPT\AX00-100000251.0006.ipt,M38140 ,MA,YHAM,Z271,135,
C:\Temp\Test02_versionUpgrad\All_IPT\AX00-100000264.0009.ipt,M38140 ,MA,YHAM,Z271,135,
C:\Temp\Test02_versionUpgrad\All_IPT\AX00-100000270.0012.ipt,M38140 ,MA,YHAM,Z271,135,
C:\Temp\Test02_versionUpgrad\All_IPT\AX00-100000286.0024.ipt,M38140 ,MA,YHAM,Z271,135,
C:\Temp\Test02_versionUpgrad\All_IPT\AX00-100000309.0010.ipt,M38140 ,FE,YHAM,Z271,135,
C:\Temp\Test02_versionUpgrad\All_IPT\AX00-100000442.0007.ipt,M38140 ,EG,YHAM,Z271,135,
C:\Temp\Test02_versionUpgrad\All_IPT\AX00-100000452.0006.ipt,M38140 ,MA,YHAM,Z271,135,
C:\Temp\Test02_versionUpgrad\All_IPT\AX00-100000804.0013.ipt,M38140 ,MA,YHAM,Z271,135,
C:\Temp\Test02_versionUpgrad\All_IPT\AX00-100000924.0012.ipt,M38140 ,MA,YHAM,Z276,135,
C:\Temp\Test02_versionUpgrad\All_IPT\AX00-100000941.0006.ipt,M38140 ,EG,YHAM,Z271,135,
C:\Temp\Test02_versionUpgrad\All_IPT\AX00-100000948.0003.ipt,M38140 ,EG,YHAM,Z271,135,
C:\Temp\Test02_versionUpgrad\All_IPT\AX00-100001085.0004.ipt,M38140 ,MA,YHAM,Z271,135,
C:\Temp\Test02_versionUpgrad\All_IPT\AX00-100001095.0005.ipt,M38140 ,MA,YHAM,Z271,135,
C:\Temp\Test02_versionUpgrad\All_IPT\AX00-100001103.0012.ipt,M38140 ,MA,YHAM,Z271,135,
C:\Temp\Test02_versionUpgrad\All_IPT\AX00-100001118.0004.ipt,M38140 ,MA,YHAM,Z271,135,
C:\Temp\Test02_versionUpgrad\All_IPT\AX00-100009738.0004.ipt,M38140 ,MA,YHAM,Z271,135,
C:\Temp\Test02_versionUpgrad\All_IPT\AX00-100009766.0012.ipt,M38140 ,HO,YHAM,Z271,135,
C:\Temp\Test02_versionUpgrad\All_IPT\AX00-100010697.0019.ipt,M38140 ,FE,YHAM,Z271,135,
C:\Temp\Test02_versionUpgrad\All_IPT\AX00-100010709.0215.ipt,M38140 ,MA,YHAM,Z273,135,
C:\Temp\Test02_versionUpgrad\All_IPT\AX00-100010716.0231.ipt,M38140 ,MA,YHAM,Z273,135,
C:\Temp\Test02_versionUpgrad\All_IPT\AX00-100010724.0059.ipt,M38140 ,MA,YHAM,Z273,135,
C:\Temp\Test02_versionUpgrad\All_IPT\AX00-100010736.0227.ipt,M38140 ,MA,YHAM,Z273,135,
C:\Temp\Test02_versionUpgrad\All_IPT\AX00-100010742.0261.ipt,M38140 ,MA,YHAM,Z273,135,
C:\Temp\Test02_versionUpgrad\All_IPT\AX00-100010804.0006.ipt,M38140 ,MA,YHAM,Z273,135,
C:\Temp\Test02_versionUpgrad\All_IPT\AX00-100010822.0004.ipt,M38140 ,EG,YHAM,Z273,135,
C:\Temp\Test02_versionUpgrad\All_IPT\AX00-100010862.0006.ipt,M36051 ,MA,YHAM,Z273,135,
C:\Temp\Test02_versionUpgrad\All_IPT\AX00-100010886.0165.ipt,M38140 ,MA,YHAM,Z276,135,
C:\Temp\Test02_versionUpgrad\All_IPT\AX00-100010931.0128.ipt,M38140 ,EG,YHAM,Z276,135,
C:\Temp\Test02_versionUpgrad\All_IPT\AX00-100010945.0161.ipt,M38140 ,MA,YHAM,Z276,135,
C:\Temp\Test02_versionUpgrad\All_IPT\AX00-100010953.0255.ipt,M38140 ,MA,YHAM,Z276,135,
C:\Temp\Test02_versionUpgrad\All_IPT\AX00-100010959.0059.ipt,M38140 ,MA,,Z276,135,
C:\Temp\Test02_versionUpgrad\All_IPT\AX00-100010972.0266.ipt,M38140 ,MA,YHAM,Z276,135,
C:\Temp\Test02_versionUpgrad\All_IPT\AX00-100010985.0011.ipt,M36051 ,EG,YHAM,Z273,135,
C:\Temp\Test02_versionUpgrad\All_IPT\AX00-100011029_MW.0010.ipt,M38140 ,EG,YHAM,Z273,135,
C:\Temp\Test02_versionUpgrad\All_IPT\AX00-100011035_MW.0008.ipt,M38140 ,MA,YHAM,Z272,135,
C:\Temp\Test02_versionUpgrad\All_IPT\AX00-100011041_MW.0003.ipt,M38140 ,MA,YHAM,Z273,135,
C:\Temp\Test02_versionUpgrad\All_IPT\AX00-100012231.0127.ipt,M38140 ,EG,,Z276,135,
C:\Temp\Test02_versionUpgrad\All_IPT\AX00-100012243.0057.ipt,M38140 ,MA,,Z276,135,
C:\Temp\Test02_versionUpgrad\All_IPT\AX00-100012251.0251.ipt,M38140 ,MA,YHAM,Z276,135,
C:\Temp\Test02_versionUpgrad\All_IPT\AX00-100012262.0240.ipt,M38140 ,MA,YHAM,Z276,135,
C:\Temp\Test02_versionUpgrad\All_IPT\AX00-100012269.0249.ipt,M38140 ,MA,YHAM,Z276,135,
C:\Temp\Test02_versionUpgrad\All_IPT\AX00-100012980.0135.ipt,M38140 ,EG,YHAM,Z276,135,
C:\Temp\Test02_versionUpgrad\All_IPT\AX00-100012991.0161.ipt,M38140 ,MA,YHAM,Z276,135,
C:\Temp\Test02_versionUpgrad\All_IPT\AX00-100013000.0262.ipt,M38140 ,MA,YHAM,Z276,135,
C:\Temp\Test02_versionUpgrad\All_IPT\AX00-100013010.0243.ipt,M38140 ,MA,YHAM,Z276,135,
C:\Temp\Test02_versionUpgrad\All_IPT\AX00-100013023.0235.ipt,M38140 ,MA,YHAM,Z276,135,
C:\Temp\Test02_versionUpgrad\All_IPT\AX00-100013902.0025.ipt,M38140 ,MA,YHAM,Z273,135,
C:\Temp\Test02_versionUpgrad\All_IPT\AX00-100013980.0008.ipt,M38140 ,MA,YHAM,Z271,135,
C:\Temp\Test02_versionUpgrad\All_IPT\AX00-100014014.0015.ipt,M38140 ,EG,YHAM,Z273,135,
C:\Temp\Test02_versionUpgrad\All_IPT\AX00-100014262.0013.ipt,M38140 ,MA,YHAM,Z273,135,
C:\Temp\Test02_versionUpgrad\All_IPT\AX00-100014300.0023.ipt,M38140 ,EG,YHAM,Z271,135,
C:\Temp\Test02_versionUpgrad\All_IPT\AX00-100014318.0008.ipt,M38140 ,EG,YHAM,Z273,135,
C:\Temp\Test02_versionUpgrad\All_IPT\AX00-100014318_UNFOLDED.0003.ipt,M38140 ,EG,YHAM,Z273,135,
C:\Temp\Test02_versionUpgrad\All_IPT\AX00-100014319_UNFOLDED.0002.ipt,M38140 ,EG,YHAM,Z273,135,
C:\Temp\Test02_versionUpgrad\All_IPT\AX00-100014328.0004.ipt,M38140 ,EG,YHAM,Z273,135,
C:\Temp\Test02_versionUpgrad\All_IPT\AX00-100014492.0012.ipt,M38140 ,EG,YHAM,Z273,135,
C:\Temp\Test02_versionUpgrad\All_IPT\AX00-100014710.0003.ipt,M38140 ,MA,YHAM,Z276,135,
C:\Temp\Test02_versionUpgrad\All_IPT\AX00-100015025.0022.ipt,M38140 ,MA,YHAM,Z273,135,
C:\Temp\Test02_versionUpgrad\All_IPT\AX00-100015199.0002.ipt,M38140 ,EG,YHAM,Z273,135,
C:\Temp\Test02_versionUpgrad\All_IPT\AX00-100015252.0105.ipt,M38140 ,EG,YHAM,Z273,135,
C:\Temp\Test02_versionUpgrad\All_IPT\AX00-100015377.0005.ipt,M38140 ,EG,YHAM,Z273,135,
C:\Temp\Test02_versionUpgrad\All_IPT\AX00-100015391.0006.ipt,M38140 ,EG,YHAM,Z273,135,
C:\Temp\Test02_versionUpgrad\All_IPT\AX00-100015400.0003.ipt,M38140 ,EG,YHAM,Z273,135,
C:\Temp\Test02_versionUpgrad\All_IPT\AX00-100015409.0010.ipt,M38140 ,EG,YHAM,Z273,135,
C:\Temp\Test02_versionUpgrad\All_IPT\AX00-100015433.0011.ipt,M38140 ,EG,YHAM,Z273,135,
C:\Temp\Test02_versionUpgrad\All_IPT\AX00-100015770.0005.ipt,M38140 ,EG,YHAM,Z273,135,
C:\Temp\Test02_versionUpgrad\All_IPT\AX00-100015796.0003.ipt,M38140 ,EG,YHAM,Z273,135,
C:\Temp\Test02_versionUpgrad\All_IPT\AX00-100016117.0012.ipt,M38140 ,MA,YHAM,Z272,135,
C:\Temp\Test02_versionUpgrad\All_IPT\AX00-100016118.0002.ipt,M38140 ,MA,,Z272,135,
C:\Temp\Test02_versionUpgrad\All_IPT\AX00-100016157.0007.ipt,M38140 ,EG,YHAM,Z273,135,
C:\Temp\Test02_versionUpgrad\All_IPT\AX00-100016173.0018.ipt,M38140 ,EG,YHAM,Z273,135,
C:\Temp\Test02_versionUpgrad\All_IPT\AX00-100016779.0004.ipt,M38140 ,EG,YHAM,Z273,135,
C:\Temp\Test02_versionUpgrad\All_IPT\AX00-100016854.0003.ipt,M38140 ,EG,YHAM,Z273,135,
C:\Temp\Test02_versionUpgrad\All_IPT\AX00-100017208.0014.ipt,M38140 ,EG,YHAM,Z273,135,
C:\Temp\Test02_versionUpgrad\All_IPT\AX00-100017208_UNFOLDED.0004.ipt,M38140 ,EG,YHAM,Z273,135,
C:\Temp\Test02_versionUpgrad\All_IPT\AX00-1000173981.0003.ipt,M38140 ,EG,YHAM,Z273,135,
C:\Temp\Test02_versionUpgrad\All_IPT\AX00-100017437.0011.ipt,M38140 ,MA,YHAM,Z272,135,
C:\Temp\Test02_versionUpgrad\All_IPT\AX00-100017503.0002.ipt,M38140 ,EG,YHAM,Z273,135,
C:\Temp\Test02_versionUpgrad\All_IPT\AX00-100017592.0012.ipt,M38140 ,EG,YHAM,Z273,135,
C:\Temp\Test02_versionUpgrad\All_IPT\AX00-100017720.0002.ipt,M38140 ,EG,YHAM,Z273,135,
C:\Temp\Test02_versionUpgrad\All_IPT\AX00-100017760.0128.ipt,M38140 ,EG,YHAM,Z271,135,
C:\Temp\Test02_versionUpgrad\All_IPT\AX00-100017773.0031.ipt,M38140 ,EG,YHAM,Z273,135,
C:\Temp\Test02_versionUpgrad\All_IPT\AX00-100017798.0028.ipt,M38140 ,EG,YHAM,Z273,135,
C:\Temp\Test02_versionUpgrad\All_IPT\AX00-100017832.0011.ipt,M38140 ,EG,YHAM,Z273,135,
C:\Temp\Test02_versionUpgrad\All_IPT\AX00-100018262.0011.ipt,M38140 ,MA,YHAM,Z271,135,
C:\Temp\Test02_versionUpgrad\All_IPT\AX00-100018315.0010.ipt,M38140 ,EG,YHAM,Z273,135,
C:\Temp\Test02_versionUpgrad\All_IPT\AX00-100018321.0008.ipt,M38140 ,EG,YHAM,Z273,135,
C:\Temp\Test02_versionUpgrad\All_IPT\AX00-100018321_UNFOLDED.0002.ipt,M38140 ,EG,YHAM,Z273,135,
C:\Temp\Test02_versionUpgrad\All_IPT\AX00-100018364.0005.ipt,M38140 ,EG,YHAM,Z273,135,
C:\Temp\Test02_versionUpgrad\All_IPT\AX00-100018375.0005.ipt,M38140 ,EG,YHAM,Z273,135,
C:\Temp\Test02_versionUpgrad\All_IPT\AX00-100018500.0045.ipt,M38140 ,MA,YHAM,Z273,135,
C:\Temp\Test02_versionUpgrad\All_IPT\AX00-100018561.0020.ipt,M38140 ,MA,YHAM,Z273,135,
C:\Temp\Test02_versionUpgrad\All_IPT\AX00-100018571.0013.ipt,M38140 ,MB,YHAM,Z273,135,
C:\Temp\Test02_versionUpgrad\All_IPT\AX00-100018579.0007.ipt,M38140 ,MA,YHAM,Z273,135,
C:\Temp\Test02_versionUpgrad\All_IPT\AX00-100018605.0017.ipt,M38140 ,MB,YHAM,Z273,135,
C:\Temp\Test02_versionUpgrad\All_IPT\AX00-100018624.0006.ipt,M38140 ,MA,YHAM,Z272,135,
C:\Temp\Test02_versionUpgrad\All_IPT\AX00-100018726.0007.ipt,M38140 ,MA,YHAM,Z272,135,
C:\Temp\Test02_versionUpgrad\All_IPT\AX00-100018733.0032.ipt,M38140 ,EG,YHAM,Z273,135,
C:\Temp\Test02_versionUpgrad\All_IPT\AX00-100018904.0012.ipt,M38140 ,EG,YHAM,Z273,135,
C:\Temp\Test02_versionUpgrad\All_IPT\AX00-100018957.0026.ipt,M38140 ,EG,YHAM,Z273,135,
C:\Temp\Test02_versionUpgrad\All_IPT\AX00-100019117.0068.ipt,M38140 ,EG,YHAM,Z273,135,
C:\Temp\Test02_versionUpgrad\All_IPT\AX00-100019245.0006.ipt,M38140 ,MA,YHAM,Z272,135,
C:\Temp\Test02_versionUpgrad\All_IPT\AX00-100019272.0002.ipt,M38140 ,EG,YHAM,Z273,135,
C:\Temp\Test02_versionUpgrad\All_IPT\AX00-100019290.0005.ipt,M38140 ,EG,YHAM,Z273,135,
C:\Temp\Test02_versionUpgrad\All_IPT\AX00-100019856.0016.ipt,M38140 ,EG,YHAM,Z272,135,
C:\Temp\Test02_versionUpgrad\All_IPT\AX00-100020166.0004.ipt,M38140 ,EG,YHAM,Z273,135,
C:\Temp\Test02_versionUpgrad\All_IPT\AX00-100020220.0012.ipt,M38140 ,EG,YHAM,Z273,135,
C:\Temp\Test02_versionUpgrad\All_IPT\AX00-100020334.0029.ipt,M38140 ,EG,YHAM,Z273,135,
C:\Temp\Test02_versionUpgrad\All_IPT\AX00-100020615.0005.ipt,M38140 ,EG,YHAM,Z273,135,
C:\Temp\Test02_versionUpgrad\All_IPT\AX00-100020621.0005.ipt,M38140 ,EG,YHAM,Z273,135,
C:\Temp\Test02_versionUpgrad\All_IPT\AX00-100020629.0006.ipt,M38140 ,EG,YHAM,Z273,135,
C:\Temp\Test02_versionUpgrad\All_IPT\AX00-100020636.0005.ipt,M38140 ,EG,YHAM,Z273,135,
C:\Temp\Test02_versionUpgrad\All_IPT\AX00-100020643.0007.ipt,M38140 ,EG,YHAM,Z273,135,
C:\Temp\Test02_versionUpgrad\All_IPT\AX00-100020650.0006.ipt,M38140 ,EG,YHAM,Z273,135,
C:\Temp\Test02_versionUpgrad\All_IPT\AX00-100020677.0007.ipt,M38140 ,EG,YHAM,Z273,135,
C:\Temp\Test02_versionUpgrad\All_IPT\AX00-100020683.0006.ipt,M38140 ,EG,YHAM,Z273,135,
C:\Temp\Test02_versionUpgrad\All_IPT\AX00-100020943.0004.ipt,M38140 ,EG,YHAM,Z273,135,
C:\Temp\Test02_versionUpgrad\All_IPT\AX00-100020953.0002.ipt,M38140 ,EG,YHAM,Z273,135,
C:\Temp\Test02_versionUpgrad\All_IPT\AX00-100020963.0002.ipt,M38140 ,EG,YHAM,Z273,135,
C:\Temp\Test02_versionUpgrad\All_IPT\AX00-100021024.0004.ipt,M38140 ,EG,YHAM,Z273,135,
C:\Temp\Test02_versionUpgrad\All_IPT\AX00-100021204.0004.ipt,M38140 ,EG,YHAM,Z273,135,
C:\Temp\Test02_versionUpgrad\All_IPT\AX00-100021355.0016.ipt,M38140 ,EG,YHAM,Z273,135,
C:\Temp\Test02_versionUpgrad\All_IPT\AX00-100021390.0004.ipt,M38140 ,EG,YHAM,Z273,135,
C:\Temp\Test02_versionUpgrad\All_IPT\AX00-100021422.0002.ipt,M38140 ,EG,YHAM,Z273,135,
C:\Temp\Test02_versionUpgrad\All_IPT\AX00-100021843.0243.ipt,M38140 ,MA,YHAM,Z273,135,
C:\Temp\Test02_versionUpgrad\All_IPT\AX00-100021851.0236.ipt,M38140 ,MA,YHAM,Z273,135,
C:\Temp\Test02_versionUpgrad\All_IPT\AX00-100021858.0241.ipt,M38140 ,MA,YHAM,Z273,135,
C:\Temp\Test02_versionUpgrad\All_IPT\AX00-100021870.0148.ipt,M38140 ,MA,YHAM,Z273,135,
C:\Temp\Test02_versionUpgrad\All_IPT\AX00-100021876.0248.ipt,M38140 ,MA,YHAM,Z273,135,
C:\Temp\Test02_versionUpgrad\All_IPT\AX00-100022017.0224.ipt,M38140 ,MA,YHAM,Z276,135,
C:\Temp\Test02_versionUpgrad\All_IPT\AX00-100022023.0065.ipt,M38140 ,MA,YHAM,Z276,135,
C:\Temp\Test02_versionUpgrad\All_IPT\AX00-100022029.0258.ipt,M38140 ,MA,YHAM,Z276,135,
C:\Temp\Test02_versionUpgrad\All_IPT\AX00-100022037.0172.ipt,M38140 ,MA,YHAM,Z276,135,
C:\Temp\Test02_versionUpgrad\All_IPT\AX00-100022049.0157.ipt,M38140 ,MA,,Z276,135,
C:\Temp\Test02_versionUpgrad\All_IPT\AX00-100022055.0225.ipt,M38140 ,MA,YHAM,Z276,135,
C:\Temp\Test02_versionUpgrad\All_IPT\AX00-100023087.0018.ipt,M38140 ,EG,YHAM,Z273,135,
C:\Temp\Test02_versionUpgrad\All_IPT\AX00-100023329.0005.ipt,M38140 ,EG,YHAM,Z273,135,
C:\Temp\Test02_versionUpgrad\All_IPT\AX00-100024257.0017.ipt,M38140 ,EG,YHAM,Z273,135,
C:\Temp\Test02_versionUpgrad\All_IPT\AX00-100024266.0069.ipt,M38140 ,EG,YHAM,Z273,135,
C:\Temp\Test02_versionUpgrad\All_IPT\AX00-100024283.0041.ipt,M38140 ,EG,YHAM,Z273,135,
C:\Temp\Test02_versionUpgrad\All_IPT\AX00-100024362.0024.ipt,M38140 ,EG,YHAM,Z271,135,
C:\Temp\Test02_versionUpgrad\All_IPT\AX00-100024730.0008.ipt,M38140 ,EG,YHAM,Z273,135,
C:\Temp\Test02_versionUpgrad\All_IPT\AX00-100024748.0046.ipt,M38140 ,MA,YHAM,Z273,135,
C:\Temp\Test02_versionUpgrad\All_IPT\AX00-100024865.0002.ipt,M38140 ,EG,YHAM,Z273,135,
C:\Temp\Test02_versionUpgrad\All_IPT\AX00-100024969.0002.ipt,M38140 ,EG,YHAM,Z273,135,
C:\Temp\Test02_versionUpgrad\All_IPT\AX00-100025078.0054.ipt,M38140 ,MA,YHAM,Z272,135,
C:\Temp\Test02_versionUpgrad\All_IPT\AX00-100025345.0045.ipt,M38140 ,EG,YHAM,Z273,135,
C:\Temp\Test02_versionUpgrad\All_IPT\AX00-100025953.0002.ipt,M38140 ,EG,YHAM,Z273,135,
C:\Temp\Test02_versionUpgrad\All_IPT\AX00-100026167.0052.ipt,M38140 ,EG,YHAM,Z273,135,
C:\Temp\Test02_versionUpgrad\All_IPT\AX00-100026177.0046.ipt,M38140 ,EG,YHAM,Z272,135,
C:\Temp\Test02_versionUpgrad\All_IPT\AX00-100026216.0007.ipt,M38140 ,EG,YHAM,Z273,135,
C:\Temp\Test02_versionUpgrad\All_IPT\AX00-100026219.0006.ipt,M38140 ,EG,YHAM,Z273,135,
C:\Temp\Test02_versionUpgrad\All_IPT\10192454-DWK.ipt,M38140 ,MA,YHAM,Z273,135,
C:\Temp\Test02_versionUpgrad\All_IPT\1730290.ipt,M37401 ,FC,YHAM,TX460,094,
C:\Temp\Test02_versionUpgrad\All_IPT\482020-2719.ipt,,,,,135,
C:\Temp\Test02_versionUpgrad\All_IPT\482027-859.ipt,,EG,YHAM,,135,
C:\Temp\Test02_versionUpgrad\All_IPT\6660305.2.ipt,,,,,072,
C:\Temp\Test02_versionUpgrad\All_IPT\6681430.1.ipt,,,,,,
C:\Temp\Test02_versionUpgrad\All_IPT\75085.1160.ipt,M37401 ,FE,YHAM,TX460,093,
C:\Temp\Test02_versionUpgrad\All_IPT\80117760500-3.ipt,M38150 ,MA,YHAM,Z270,135,
C:\Temp\Test02_versionUpgrad\All_IPT\AX00-100000001.ipt,M38140 ,FC,,Z271,135,
C:\Temp\Test02_versionUpgrad\All_IPT\AX00-100000029.ipt,M38150 ,MA,YHAM,Z271,135,
C:\Temp\Test02_versionUpgrad\All_IPT\AX00-100000035.ipt,M38150 ,MA,YHAM,Z271,135,
C:\Temp\Test02_versionUpgrad\All_IPT\AX00-100000041.ipt,M38150 ,MA,YHAM,Z271,135,
C:\Temp\Test02_versionUpgrad\All_IPT\AX00-100000134.ipt,M38140 ,MA,YHAM,Z272,135,
C:\Temp\Test02_versionUpgrad\All_IPT\AX00-100000144.ipt,M38140 ,MA,YHAM,Z276,135,
C:\Temp\Test02_versionUpgrad\All_IPT\AX00-100000154.ipt,M38140 ,MA,YHAM,Z271,135,
C:\Temp\Test02_versionUpgrad\All_IPT\AX00-100000165.ipt,M38140 ,HO,YHAM,Z271,135,
C:\Temp\Test02_versionUpgrad\All_IPT\AX00-100000174.ipt,M38140 ,MA,YHAM,Z271,135,
C:\Temp\Test02_versionUpgrad\All_IPT\AX00-100000184.ipt,M38140 ,MA,YHAM,Z271,135,
C:\Temp\Test02_versionUpgrad\All_IPT\AX00-100000192.ipt,M38140 ,EG,YHAM,Z271,135,
C:\Temp\Test02_versionUpgrad\All_IPT\AX00-100000205.ipt,M38140 ,MA,YHAM,Z271,135,
C:\Temp\Test02_versionUpgrad\All_IPT\AX00-100000216.ipt,M38140 ,FE,YHAM,Z271,135,
C:\Temp\Test02_versionUpgrad\All_IPT\AX00-100000229.ipt,M38140 ,FE,YHAM,Z271,135,
C:\Temp\Test02_versionUpgrad\All_IPT\AX00-100000243.ipt,M38140 ,MA,YHAM,Z271,135,
C:\Temp\Test02_versionUpgrad\All_IPT\AX00-100000251.ipt,M38140 ,MA,YHAM,Z271,135,
C:\Temp\Test02_versionUpgrad\All_IPT\AX00-100000264.ipt,M38140 ,MA,YHAM,Z271,135,
C:\Temp\Test02_versionUpgrad\All_IPT\AX00-100000270.ipt,M38140 ,MA,YHAM,Z271,135,
C:\Temp\Test02_versionUpgrad\All_IPT\AX00-100000286.ipt,M38140 ,MA,YHAM,Z271,135,
C:\Temp\Test02_versionUpgrad\All_IPT\AX00-100000309.ipt,M38140 ,FE,YHAM,Z271,135,
C:\Temp\Test02_versionUpgrad\All_IPT\AX00-100000442.ipt,M38140 ,EG,YHAM,Z271,135,
C:\Temp\Test02_versionUpgrad\All_IPT\AX00-100000452.ipt,M38140 ,MA,YHAM,Z271,135,
C:\Temp\Test02_versionUpgrad\All_IPT\AX00-100000804.ipt,M38140 ,MA,YHAM,Z271,135,
C:\Temp\Test02_versionUpgrad\All_IPT\AX00-100000924.ipt,M38140 ,MA,YHAM,Z276,135,
C:\Temp\Test02_versionUpgrad\All_IPT\AX00-100000941.ipt,M38140 ,EG,YHAM,Z271,135,
C:\Temp\Test02_versionUpgrad\All_IPT\AX00-100000948.ipt,M38140 ,EG,YHAM,Z271,135,
C:\Temp\Test02_versionUpgrad\All_IPT\AX00-100001085.ipt,M38140 ,MA,YHAM,Z271,135,
C:\Temp\Test02_versionUpgrad\All_IPT\AX00-100001095.ipt,M38140 ,MA,YHAM,Z271,135,
C:\Temp\Test02_versionUpgrad\All_IPT\AX00-100001103.ipt,M38140 ,MA,YHAM,Z271,135,
C:\Temp\Test02_versionUpgrad\All_IPT\AX00-100001118.ipt,M38140 ,MA,YHAM,Z271,135,
C:\Temp\Test02_versionUpgrad\All_IPT\AX00-100009738.ipt,M38140 ,MA,YHAM,Z271,135,
C:\Temp\Test02_versionUpgrad\All_IPT\AX00-100009766.ipt,M38140 ,HO,YHAM,Z271,135,
C:\Temp\Test02_versionUpgrad\All_IPT\AX00-100010697.ipt,M38140 ,FE,YHAM,Z271,135,
C:\Temp\Test02_versionUpgrad\All_IPT\AX00-100010709.ipt,M38140 ,MA,YHAM,Z273,135,
C:\Temp\Test02_versionUpgrad\All_IPT\AX00-100010716.ipt,M38140 ,MA,YHAM,Z273,135,
C:\Temp\Test02_versionUpgrad\All_IPT\AX00-100010724.ipt,M38140 ,MA,YHAM,Z273,135,
C:\Temp\Test02_versionUpgrad\All_IPT\AX00-100010736.ipt,M38140 ,MA,YHAM,Z273,135,
C:\Temp\Test02_versionUpgrad\All_IPT\AX00-100010742.ipt,M38140 ,MA,YHAM,Z273,135,
C:\Temp\Test02_versionUpgrad\All_IPT\AX00-100010804.ipt,M38140 ,MA,YHAM,Z273,135,
C:\Temp\Test02_versionUpgrad\All_IPT\AX00-100010822.ipt,M38140 ,EG,YHAM,Z273,135,
C:\Temp\Test02_versionUpgrad\All_IPT\AX00-100010862.ipt,M36051 ,MA,YHAM,Z273,135,
C:\Temp\Test02_versionUpgrad\All_IPT\AX00-100010886.ipt,M38140 ,MA,YHAM,Z276,135,
C:\Temp\Test02_versionUpgrad\All_IPT\AX00-100010931.ipt,M38140 ,EG,YHAM,Z276,135,
C:\Temp\Test02_versionUpgrad\All_IPT\AX00-100010945.ipt,M38140 ,MA,YHAM,Z276,135,
C:\Temp\Test02_versionUpgrad\All_IPT\AX00-100010953.ipt,M38140 ,MA,YHAM,Z276,135,
C:\Temp\Test02_versionUpgrad\All_IPT\AX00-100010959.ipt,M38140 ,MA,,Z276,135,
C:\Temp\Test02_versionUpgrad\All_IPT\AX00-100010972.ipt,M38140 ,MA,YHAM,Z276,135,
C:\Temp\Test02_versionUpgrad\All_IPT\AX00-100010985.ipt,M36051 ,EG,YHAM,Z273,135,
C:\Temp\Test02_versionUpgrad\All_IPT\AX00-100011029_MW.ipt,M38140 ,EG,YHAM,Z273,135,
C:\Temp\Test02_versionUpgrad\All_IPT\AX00-100011035_MW.ipt,M38140 ,MA,YHAM,Z272,135,
C:\Temp\Test02_versionUpgrad\All_IPT\AX00-100011041_MW.ipt,M38140 ,MA,YHAM,Z273,135,
C:\Temp\Test02_versionUpgrad\All_IPT\AX00-100012231.ipt,M38140 ,EG,,Z276,135,
C:\Temp\Test02_versionUpgrad\All_IPT\AX00-100012243.ipt,M38140 ,MA,,Z276,135,
C:\Temp\Test02_versionUpgrad\All_IPT\AX00-100012251.ipt,M38140 ,MA,YHAM,Z276,135,
C:\Temp\Test02_versionUpgrad\All_IPT\AX00-100012262.ipt,M38140 ,MA,YHAM,Z276,135,
C:\Temp\Test02_versionUpgrad\All_IPT\AX00-100012269.ipt,M38140 ,MA,YHAM,Z276,135,
C:\Temp\Test02_versionUpgrad\All_IPT\AX00-100012980.ipt,M38140 ,EG,YHAM,Z276,135,
C:\Temp\Test02_versionUpgrad\All_IPT\AX00-100012991.ipt,M38140 ,MA,YHAM,Z276,135,
C:\Temp\Test02_versionUpgrad\All_IPT\AX00-100013000.ipt,M38140 ,MA,YHAM,Z276,135,
C:\Temp\Test02_versionUpgrad\All_IPT\AX00-100013010.ipt,M38140 ,MA,YHAM,Z276,135,
C:\Temp\Test02_versionUpgrad\All_IPT\AX00-100013023.ipt,M38140 ,MA,YHAM,Z276,135,
C:\Temp\Test02_versionUpgrad\All_IPT\AX00-100013902.ipt,M38140 ,MA,YHAM,Z273,135,
C:\Temp\Test02_versionUpgrad\All_IPT\AX00-100013980.ipt,M38140 ,MA,YHAM,Z271,135,
C:\Temp\Test02_versionUpgrad\All_IPT\AX00-100014014.ipt,M38140 ,EG,YHAM,Z273,135,
C:\Temp\Test02_versionUpgrad\All_IPT\AX00-100014262.ipt,M38140 ,MA,YHAM,Z273,135,
C:\Temp\Test02_versionUpgrad\All_IPT\AX00-100014300.ipt,M38140 ,EG,YHAM,Z271,135,
C:\Temp\Test02_versionUpgrad\All_IPT\AX00-100014318.ipt,M38140 ,EG,YHAM,Z273,135,
C:\Temp\Test02_versionUpgrad\All_IPT\AX00-100014318_UNFOLDED.ipt,M38140 ,EG,YHAM,Z273,135,
C:\Temp\Test02_versionUpgrad\All_IPT\AX00-100014319_UNFOLDED.ipt,M38140 ,EG,YHAM,Z273,135,
C:\Temp\Test02_versionUpgrad\All_IPT\AX00-100014328.ipt,M38140 ,EG,YHAM,Z273,135,
C:\Temp\Test02_versionUpgrad\All_IPT\AX00-100014492.ipt,M38140 ,EG,YHAM,Z273,135,
C:\Temp\Test02_versionUpgrad\All_IPT\AX00-100014710.ipt,M38140 ,MA,YHAM,Z276,135,
C:\Temp\Test02_versionUpgrad\All_IPT\AX00-100015025.ipt,M38140 ,MA,YHAM,Z273,135,
C:\Temp\Test02_versionUpgrad\All_IPT\AX00-100015199.ipt,M38140 ,EG,YHAM,Z273,135,
C:\Temp\Test02_versionUpgrad\All_IPT\AX00-100015252.ipt,M38140 ,EG,YHAM,Z273,135,
C:\Temp\Test02_versionUpgrad\All_IPT\AX00-100015377.ipt,M38140 ,EG,YHAM,Z273,135,
C:\Temp\Test02_versionUpgrad\All_IPT\AX00-100015391.ipt,M38140 ,EG,YHAM,Z273,135,
C:\Temp\Test02_versionUpgrad\All_IPT\AX00-100015400.ipt,M38140 ,EG,YHAM,Z273,135,
C:\Temp\Test02_versionUpgrad\All_IPT\AX00-100015409.ipt,M38140 ,EG,YHAM,Z273,135,
C:\Temp\Test02_versionUpgrad\All_IPT\AX00-100015433.ipt,M38140 ,EG,YHAM,Z273,135,
C:\Temp\Test02_versionUpgrad\All_IPT\AX00-100015770.ipt,M38140 ,EG,YHAM,Z273,135,
C:\Temp\Test02_versionUpgrad\All_IPT\AX00-100015796.ipt,M38140 ,EG,YHAM,Z273,135,
C:\Temp\Test02_versionUpgrad\All_IPT\AX00-100016117.ipt,M38140 ,MA,YHAM,Z272,135,
C:\Temp\Test02_versionUpgrad\All_IPT\AX00-100016118.ipt,M38140 ,MA,,Z272,135,
C:\Temp\Test02_versionUpgrad\All_IPT\AX00-100016157.ipt,M38140 ,EG,YHAM,Z273,135,
C:\Temp\Test02_versionUpgrad\All_IPT\AX00-100016173.ipt,M38140 ,EG,YHAM,Z273,135,
C:\Temp\Test02_versionUpgrad\All_IPT\AX00-100016779.ipt,M38140 ,EG,YHAM,Z273,135,
C:\Temp\Test02_versionUpgrad\All_IPT\AX00-100016854.ipt,M38140 ,EG,YHAM,Z273,135,
C:\Temp\Test02_versionUpgrad\All_IPT\AX00-100017208.ipt,M38140 ,EG,YHAM,Z273,135,
C:\Temp\Test02_versionUpgrad\All_IPT\AX00-100017208_UNFOLDED.ipt,M38140 ,EG,YHAM,Z273,135,
C:\Temp\Test02_versionUpgrad\All_IPT\AX00-1000173981.ipt,M38140 ,EG,YHAM,Z273,135,
C:\Temp\Test02_versionUpgrad\All_IPT\AX00-100017437.ipt,M38140 ,MA,YHAM,Z272,135,
C:\Temp\Test02_versionUpgrad\All_IPT\AX00-100017503.ipt,M38140 ,EG,YHAM,Z273,135,
C:\Temp\Test02_versionUpgrad\All_IPT\AX00-100017592.ipt,M38140 ,EG,YHAM,Z273,135,
C:\Temp\Test02_versionUpgrad\All_IPT\AX00-100017720.ipt,M38140 ,EG,YHAM,Z273,135,
C:\Temp\Test02_versionUpgrad\All_IPT\AX00-100017760.ipt,M38140 ,EG,YHAM,Z271,135,
C:\Temp\Test02_versionUpgrad\All_IPT\AX00-100017773.ipt,M38140 ,EG,YHAM,Z273,135,
C:\Temp\Test02_versionUpgrad\All_IPT\AX00-100017798.ipt,M38140 ,EG,YHAM,Z273,135,
C:\Temp\Test02_versionUpgrad\All_IPT\AX00-100017832.ipt,M38140 ,EG,YHAM,Z273,135,
C:\Temp\Test02_versionUpgrad\All_IPT\AX00-100018262.ipt,M38140 ,MA,YHAM,Z271,135,
C:\Temp\Test02_versionUpgrad\All_IPT\AX00-100018315.ipt,M38140 ,EG,YHAM,Z273,135,
C:\Temp\Test02_versionUpgrad\All_IPT\AX00-100018321.ipt,M38140 ,EG,YHAM,Z273,135,
C:\Temp\Test02_versionUpgrad\All_IPT\AX00-100018321_UNFOLDED.ipt,M38140 ,EG,YHAM,Z273,135,
C:\Temp\Test02_versionUpgrad\All_IPT\AX00-100018364.ipt,M38140 ,EG,YHAM,Z273,135,
C:\Temp\Test02_versionUpgrad\All_IPT\AX00-100018375.ipt,M38140 ,EG,YHAM,Z273,135,
C:\Temp\Test02_versionUpgrad\All_IPT\AX00-100018500.ipt,M38140 ,MA,YHAM,Z273,135,
C:\Temp\Test02_versionUpgrad\All_IPT\AX00-100018561.ipt,M38140 ,MA,YHAM,Z273,135,
C:\Temp\Test02_versionUpgrad\All_IPT\AX00-100018571.ipt,M38140 ,MB,YHAM,Z273,135,
C:\Temp\Test02_versionUpgrad\All_IPT\AX00-100018579.ipt,M38140 ,MA,YHAM,Z273,135,
C:\Temp\Test02_versionUpgrad\All_IPT\AX00-100018605.ipt,M38140 ,MB,YHAM,Z273,135,
C:\Temp\Test02_versionUpgrad\All_IPT\AX00-100018624.ipt,M38140 ,MA,YHAM,Z272,135,
C:\Temp\Test02_versionUpgrad\All_IPT\AX00-100018726.ipt,M38140 ,MA,YHAM,Z272,135,
C:\Temp\Test02_versionUpgrad\All_IPT\AX00-100018733.ipt,M38140 ,EG,YHAM,Z273,135,
C:\Temp\Test02_versionUpgrad\All_IPT\AX00-100018904.ipt,M38140 ,EG,YHAM,Z273,135,
C:\Temp\Test02_versionUpgrad\All_IPT\AX00-100018957.ipt,M38140 ,EG,YHAM,Z273,135,
C:\Temp\Test02_versionUpgrad\All_IPT\AX00-100019117.ipt,M38140 ,EG,YHAM,Z273,135,
C:\Temp\Test02_versionUpgrad\All_IPT\AX00-100019245.ipt,M38140 ,MA,YHAM,Z272,135,
C:\Temp\Test02_versionUpgrad\All_IPT\AX00-100019272.ipt,M38140 ,EG,YHAM,Z273,135,
C:\Temp\Test02_versionUpgrad\All_IPT\AX00-100019290.ipt,M38140 ,EG,YHAM,Z273,135,
C:\Temp\Test02_versionUpgrad\All_IPT\AX00-100019856.ipt,M38140 ,EG,YHAM,Z272,135,
C:\Temp\Test02_versionUpgrad\All_IPT\AX00-100020166.ipt,M38140 ,EG,YHAM,Z273,135,
C:\Temp\Test02_versionUpgrad\All_IPT\AX00-100020220.ipt,M38140 ,EG,YHAM,Z273,135,
C:\Temp\Test02_versionUpgrad\All_IPT\AX00-100020334.ipt,M38140 ,EG,YHAM,Z273,135,
C:\Temp\Test02_versionUpgrad\All_IPT\AX00-100020615.ipt,M38140 ,EG,YHAM,Z273,135,
C:\Temp\Test02_versionUpgrad\All_IPT\AX00-100020621.ipt,M38140 ,EG,YHAM,Z273,135,
C:\Temp\Test02_versionUpgrad\All_IPT\AX00-100020629.ipt,M38140 ,EG,YHAM,Z273,135,
C:\Temp\Test02_versionUpgrad\All_IPT\AX00-100020636.ipt,M38140 ,EG,YHAM,Z273,135,
C:\Temp\Test02_versionUpgrad\All_IPT\AX00-100020643.ipt,M38140 ,EG,YHAM,Z273,135,
C:\Temp\Test02_versionUpgrad\All_IPT\AX00-100020650.ipt,M38140 ,EG,YHAM,Z273,135,
C:\Temp\Test02_versionUpgrad\All_IPT\AX00-100020677.ipt,M38140 ,EG,YHAM,Z273,135,
C:\Temp\Test02_versionUpgrad\All_IPT\AX00-100020683.ipt,M38140 ,EG,YHAM,Z273,135,
C:\Temp\Test02_versionUpgrad\All_IPT\AX00-100020943.ipt,M38140 ,EG,YHAM,Z273,135,
C:\Temp\Test02_versionUpgrad\All_IPT\AX00-100020953.ipt,M38140 ,EG,YHAM,Z273,135,
C:\Temp\Test02_versionUpgrad\All_IPT\AX00-100020963.ipt,M38140 ,EG,YHAM,Z273,135,
C:\Temp\Test02_versionUpgrad\All_IPT\AX00-100021024.ipt,M38140 ,EG,YHAM,Z273,135,
C:\Temp\Test02_versionUpgrad\All_IPT\AX00-100021204.ipt,M38140 ,EG,YHAM,Z273,135,
C:\Temp\Test02_versionUpgrad\All_IPT\AX00-100021355.ipt,M38140 ,EG,YHAM,Z273,135,
C:\Temp\Test02_versionUpgrad\All_IPT\AX00-100021390.ipt,M38140 ,EG,YHAM,Z273,135,
C:\Temp\Test02_versionUpgrad\All_IPT\AX00-100021422.ipt,M38140 ,EG,YHAM,Z273,135,
C:\Temp\Test02_versionUpgrad\All_IPT\AX00-100021843.ipt,M38140 ,MA,YHAM,Z273,135,
C:\Temp\Test02_versionUpgrad\All_IPT\AX00-100021851.ipt,M38140 ,MA,YHAM,Z273,135,
C:\Temp\Test02_versionUpgrad\All_IPT\AX00-100021858.ipt,M38140 ,MA,YHAM,Z273,135,
C:\Temp\Test02_versionUpgrad\All_IPT\AX00-100021870.ipt,M38140 ,MA,YHAM,Z273,135,
C:\Temp\Test02_versionUpgrad\All_IPT\AX00-100021876.ipt,M38140 ,MA,YHAM,Z273,135,
C:\Temp\Test02_versionUpgrad\All_IPT\AX00-100022017.ipt,M38140 ,MA,YHAM,Z276,135,
C:\Temp\Test02_versionUpgrad\All_IPT\AX00-100022023.ipt,M38140 ,MA,YHAM,Z276,135,
C:\Temp\Test02_versionUpgrad\All_IPT\AX00-100022029.ipt,M38140 ,MA,YHAM,Z276,135,
C:\Temp\Test02_versionUpgrad\All_IPT\AX00-100022037.ipt,M38140 ,MA,YHAM,Z276,135,
C:\Temp\Test02_versionUpgrad\All_IPT\AX00-100022049.ipt,M38140 ,MA,,Z276,135,
C:\Temp\Test02_versionUpgrad\All_IPT\AX00-100022055.ipt,M38140 ,MA,YHAM,Z276,135,
C:\Temp\Test02_versionUpgrad\All_IPT\AX00-100023087.ipt,M38140 ,EG,YHAM,Z273,135,
C:\Temp\Test02_versionUpgrad\All_IPT\AX00-100023329.ipt,M38140 ,EG,YHAM,Z273,135,
C:\Temp\Test02_versionUpgrad\All_IPT\AX00-100024257.ipt,M38140 ,EG,YHAM,Z273,135,
C:\Temp\Test02_versionUpgrad\All_IPT\AX00-100024266.ipt,M38140 ,EG,YHAM,Z273,135,
C:\Temp\Test02_versionUpgrad\All_IPT\AX00-100024283.ipt,M38140 ,EG,YHAM,Z273,135,
C:\Temp\Test02_versionUpgrad\All_IPT\AX00-100024362.ipt,M38140 ,EG,YHAM,Z271,135,
C:\Temp\Test02_versionUpgrad\All_IPT\AX00-100024730.ipt,M38140 ,EG,YHAM,Z273,135,
C:\Temp\Test02_versionUpgrad\All_IPT\AX00-100024748.ipt,M38140 ,MA,YHAM,Z273,135,
C:\Temp\Test02_versionUpgrad\All_IPT\AX00-100024865.ipt,M38140 ,EG,YHAM,Z273,135,
C:\Temp\Test02_versionUpgrad\All_IPT\AX00-100024969.ipt,M38140 ,EG,YHAM,Z273,135,
C:\Temp\Test02_versionUpgrad\All_IPT\AX00-100025078.ipt,M38140 ,MA,YHAM,Z272,135,
C:\Temp\Test02_versionUpgrad\All_IPT\AX00-100025345.ipt,M38140 ,EG,YHAM,Z273,135,
C:\Temp\Test02_versionUpgrad\All_IPT\AX00-100025953.ipt,M38140 ,EG,YHAM,Z273,135,
C:\Temp\Test02_versionUpgrad\All_IPT\AX00-100026167.ipt,M38140 ,EG,YHAM,Z273,135,
C:\Temp\Test02_versionUpgrad\All_IPT\AX00-100026177.ipt,M38140 ,EG,YHAM,Z272,135,
C:\Temp\Test02_versionUpgrad\All_IPT\AX00-100026216.ipt,M38140 ,EG,YHAM,Z273,135,
C:\Temp\Test02_versionUpgrad\All_IPT\AX00-100026219.ipt,M38140 ,EG,YHAM,Z273,135,
C:\Temp\Test02_versionUpgrad\All_IPT\AX00-100026547.ipt,M38140 ,EG,YHAM,Z272,135,
C:\Temp\Test02_versionUpgrad\All_IPT\AX00-100026588.ipt,M38140 ,EG,YHAM,Z272,135,
C:\Temp\Test02_versionUpgrad\All_IPT\AX00-100026812.ipt,M38140 ,EG,YHAM,Z273,135,
C:\Temp\Test02_versionUpgrad\All_IPT\AX00-100026865.ipt,M38140 ,EG,YHAM,Z273,135,
C:\Temp\Test02_versionUpgrad\All_IPT\AX00-100026913.ipt,M38140 ,EG,YHAM,Z272,135,
C:\Temp\Test02_versionUpgrad\All_IPT\AX00-100026976.ipt,M38140 ,EG,YHAM,Z272,135,
C:\Temp\Test02_versionUpgrad\All_IPT\AX00-100027020.ipt,M38140 ,EG,YHAM,Z272,135,
C:\Temp\Test02_versionUpgrad\All_IPT\AX00-100027061.ipt,M38140 ,EG,YHAM,Z272,135,
C:\Temp\Test02_versionUpgrad\All_IPT\AX00-100027069.ipt,M38140 ,EG,YHAM,Z272,135,
C:\Temp\Test02_versionUpgrad\All_IPT\AX00-100027078.ipt,M38140 ,MA,YHAM,Z272,135,
C:\Temp\Test02_versionUpgrad\All_IPT\AX00-100027079.ipt,M38140 ,EG,YHAM,Z273,135,
C:\Temp\Test02_versionUpgrad\All_IPT\AX00-100027090.ipt,M38140 ,EG,YHAM,Z272,135,
C:\Temp\Test02_versionUpgrad\All_IPT\AX00-100028101.ipt,M38140 ,EG,YHAM,Z273,135,
C:\Temp\Test02_versionUpgrad\All_IPT\AX00-100028249.ipt,M38140 ,EG,YHAM,Z272,135,
C:\Temp\Test02_versionUpgrad\All_IPT\AX00-100028255.ipt,M38140 ,EG,YHAM,Z272,135,
C:\Temp\Test02_versionUpgrad\All_IPT\AX00-100028263.ipt,M38140 ,EG,YHAM,Z272,135,
C:\Temp\Test02_versionUpgrad\All_IPT\AX00-100028265.ipt,M38140 ,EG,YHAM,Z273,135,
C:\Temp\Test02_versionUpgrad\All_IPT\AX00-100028521.ipt,M38140 ,MC,YHAM,Z272,135,
C:\Temp\Test02_versionUpgrad\All_IPT\AX00-100028533.ipt,M38140 ,EG,YHAM,Z272,135,
C:\Temp\Test02_versionUpgrad\All_IPT\AX00-100029987.ipt,M38150 ,EG,YHAM,SCREENMISC,135,
C:\Temp\Test02_versionUpgrad\All_IPT\AX00-100031270.ipt,M38140 ,MA,YHAM,Z273,135,
C:\Temp\Test02_versionUpgrad\All_IPT\AX00-100031276.ipt,M38140 ,MA,YHAM,Z273,135,
C:\Temp\Test02_versionUpgrad\All_IPT\AX00-100031292.ipt,M38140 ,EG,YHAM,Z273,135,
C:\Temp\Test02_versionUpgrad\All_IPT\AX00-100031302.ipt,M38140 ,EG,YHAM,Z273,135,
C:\Temp\Test02_versionUpgrad\All_IPT\AX00-100032811.ipt,M38140 ,EG,YHAM,Z272,,
C:\Temp\Test02_versionUpgrad\All_IPT\AX00-100033073.ipt,M38140 ,EG,YHAM,Z273,135,
C:\Temp\Test02_versionUpgrad\All_IPT\AX00-100033084.ipt,M38140 ,EG,YHAM,Z272,135,
C:\Temp\Test02_versionUpgrad\All_IPT\AX00-100033098.ipt,M38140 ,EG,YHAM,Z272,135,
C:\Temp\Test02_versionUpgrad\All_IPT\AX00-100033438.ipt,M38140 ,EG,YHAM,Z272,135,
C:\Temp\Test02_versionUpgrad\All_IPT\AX00-100036217.ipt,M38140 ,EG,YHAM,Z273,135,
C:\Temp\Test02_versionUpgrad\All_IPT\AX00-100036228.ipt,M38140 ,MA,YHAM,Z272,135,
C:\Temp\Test02_versionUpgrad\All_IPT\AX00-100037422.ipt,M38140 ,EG,YHAM,Z273,135,
C:\Temp\Test02_versionUpgrad\All_IPT\AX00-100038365.ipt,M38140 ,EG,YHAM,Z273,135,
C:\Temp\Test02_versionUpgrad\All_IPT\AX00-100039335.ipt,M38140 ,EG,YHAM,Z273,135,
C:\Temp\Test02_versionUpgrad\All_IPT\AX00-100039343.ipt,M38140 ,EG,YHAM,Z273,135,
C:\Temp\Test02_versionUpgrad\All_IPT\AX00-100039351.ipt,M38140 ,EG,YHAM,Z273,135,
C:\Temp\Test02_versionUpgrad\All_IPT\AX00-100039869.ipt,M38140 ,EG,YHAM,Z273,135,
C:\Temp\Test02_versionUpgrad\All_IPT\AX00-100040620.ipt,M38140 ,EG,YHAM,Z273,135,
C:\Temp\Test02_versionUpgrad\All_IPT\AX00-100043397.ipt,M38140 ,MA,YHAM,Z273,135,
C:\Temp\Test02_versionUpgrad\All_IPT\AX00-100043462.ipt,M38140 ,EG,YHAM,Z273,135,
C:\Temp\Test02_versionUpgrad\All_IPT\AX00-100043474.ipt,M38140 ,EG,YHAM,Z273,135,
C:\Temp\Test02_versionUpgrad\All_IPT\AX00-100043482.ipt,M38140 ,EG,YHAM,Z273,135,
C:\Temp\Test02_versionUpgrad\All_IPT\AX00-100043488.ipt,M38140 ,EG,YHAM,Z273,135,
C:\Temp\Test02_versionUpgrad\All_IPT\AX00-100043497.ipt,M38140 ,EG,YHAM,Z273,135,
C:\Temp\Test02_versionUpgrad\All_IPT\AX00-100043507.ipt,M38140 ,EG,YHAM,Z273,135,
C:\Temp\Test02_versionUpgrad\All_IPT\AX00-100043516.ipt,M38140 ,EG,YHAM,Z273,135,
C:\Temp\Test02_versionUpgrad\All_IPT\AX00-100043531.ipt,M38140 ,EG,YHAM,Z273,135,
C:\Temp\Test02_versionUpgrad\All_IPT\AX00-100043553.ipt,M38140 ,EG,YHAM,Z273,135,
C:\Temp\Test02_versionUpgrad\All_IPT\AX00-100043559.ipt,M38140 ,EG,YHAM,Z273,135,
C:\Temp\Test02_versionUpgrad\All_IPT\AX00-100043667.ipt,M38140 ,EG,YHAM,Z273,135,
C:\Temp\Test02_versionUpgrad\All_IPT\AX00-100044240.ipt,M38140 ,EG,YHAM,Z273,135,
C:\Temp\Test02_versionUpgrad\All_IPT\AX00-100044245.ipt,M38150 ,EG,YHAM,Z273,135,
C:\Temp\Test02_versionUpgrad\All_IPT\AX00-100044255.ipt,M38140 ,MC,YHAM,Z276,135,
C:\Temp\Test02_versionUpgrad\All_IPT\AX00-100044416.ipt,M38140 ,EG,YHAM,Z273,135,
C:\Temp\Test02_versionUpgrad\All_IPT\AX00-100044486.ipt,M38140 ,EG,YHAM,Z272,135,
C:\Temp\Test02_versionUpgrad\All_IPT\AX00-100044799.ipt,M38140 ,EG,YHAM,Z273,135,
C:\Temp\Test02_versionUpgrad\All_IPT\AX00-100045260.ipt,M38140 ,EG,YHAM,Z272,135,
C:\Temp\Test02_versionUpgrad\All_IPT\AX00-100045266.ipt,M38140 ,EG,YHAM,Z272,135,
C:\Temp\Test02_versionUpgrad\All_IPT\AX00-100046160.ipt,M38140 ,MC,YHAM,Z272,135,
C:\Temp\Test02_versionUpgrad\All_IPT\AX00-100046169.ipt,M38140 ,EG,YHAM,Z272,135,
C:\Temp\Test02_versionUpgrad\All_IPT\AX00-100046368.ipt,M38140 ,EG,YHAM,Z273,135,
C:\Temp\Test02_versionUpgrad\All_IPT\AX00-100046369.ipt,M38140 ,EG,YHAM,Z273,135,
C:\Temp\Test02_versionUpgrad\All_IPT\AX00-100046445.ipt,M38140 ,EG,YHAM,Z273,135,
C:\Temp\Test02_versionUpgrad\All_IPT\AX00-100048038.ipt,M38140 ,EG,YHAM,Z273,135,
C:\Temp\Test02_versionUpgrad\All_IPT\AX00-100048055.ipt,M38140 ,EG,YHAM,Z273,135,
C:\Temp\Test02_versionUpgrad\All_IPT\AX00-100050764.ipt,M38140 ,MA,YHAM,Z276,135,
C:\Temp\Test02_versionUpgrad\All_IPT\AX00-100050770.ipt,M38140 ,MA,YHAM,Z276,135,
C:\Temp\Test02_versionUpgrad\All_IPT\AX00-100050778.ipt,M38140 ,MA,,Z276,135,
C:\Temp\Test02_versionUpgrad\All_IPT\AX00-100050790.ipt,M38140 ,MA,YHAM,Z276,135,
C:\Temp\Test02_versionUpgrad\All_IPT\AX00-100050796.ipt,M38140 ,MA,YHAM,Z276,135,
C:\Temp\Test02_versionUpgrad\All_IPT\AX00-100052946.ipt,M38140 ,EG,YHAM,Z273,135,
C:\Temp\Test02_versionUpgrad\All_IPT\AX00-100053931.ipt,M38140 ,EG,YHAM,Z272,135,
C:\Temp\Test02_versionUpgrad\All_IPT\AX00-100053937.ipt,M38140 ,EG,YHAM,Z272,135,
C:\Temp\Test02_versionUpgrad\All_IPT\AX00-100053943.ipt,M38140 ,EG,YHAM,Z272,135,
C:\Temp\Test02_versionUpgrad\All_IPT\AX00-100053954.ipt,M38140 ,EG,YHAM,Z273,135,
C:\Temp\Test02_versionUpgrad\All_IPT\AX00-100056540.ipt,M38140 ,EG,YHAM,Z276,135,
C:\Temp\Test02_versionUpgrad\All_IPT\AX00-100057608.ipt,M38140 ,EG,YHAM,Z273,135,
C:\Temp\Test02_versionUpgrad\All_IPT\AX00-100057614.ipt,M38140 ,EG,YHAM,Z273,135,
C:\Temp\Test02_versionUpgrad\All_IPT\AX00-100059784.ipt,M38140 ,EG,YHAM,Z273,135,
C:\Temp\Test02_versionUpgrad\All_IPT\AX00-100064786.ipt,M38140 ,EG,YHAM,Z273,135,
C:\Temp\Test02_versionUpgrad\All_IPT\AX01-100010628.ipt,M38140 ,MA,YHAM,Z273,135,
C:\Temp\Test02_versionUpgrad\All_IPT\AX01-100036210.ipt,M38140 ,MA,YHAM,Z273,135,
C:\Temp\Test02_versionUpgrad\All_IPT\AX01-100036739.ipt,M38140 ,MA,YHAM,Z273,135,
C:\Temp\Test02_versionUpgrad\All_IPT\AX01-100036756.ipt,M38140 ,MA,YHAM,Z273,135,
C:\Temp\Test02_versionUpgrad\All_IPT\AX01-100036798.ipt,M38140 ,MA,YHAM,Z273,135,
C:\Temp\Test02_versionUpgrad\All_IPT\AX01-100036817.ipt,M38140 ,MA,YHAM,Z273,135,
C:\Temp\Test02_versionUpgrad\All_IPT\AX01-100043267.ipt,M38140 ,MA,YHAM,Z272,135,
C:\Temp\Test02_versionUpgrad\All_IPT\AX01-100043273.ipt,M38140 ,MA,YHAM,Z272,135,
C:\Temp\Test02_versionUpgrad\All_IPT\AX01-100043420.ipt,M38140 ,MA,YHAM,Z272,135,
C:\Temp\Test02_versionUpgrad\All_IPT\AX01-100043539.ipt,M38140 ,MA,YHAM,Z272,135,
C:\Temp\Test02_versionUpgrad\All_IPT\AX01-100043541.ipt,M38140 ,MA,YHAM,Z272,135,
C:\Temp\Test02_versionUpgrad\All_IPT\AX01-100068499.ipt,M38140 ,MA,YHAM,Z273,135,
C:\Temp\Test02_versionUpgrad\All_IPT\AX01-100070248.ipt,M38140 ,MA,YHAM,Z273,135,
C:\Temp\Test02_versionUpgrad\All_IPT\AX01-100070436.ipt,M38140 ,MA,YHAM,Z273,135,
C:\Temp\Test02_versionUpgrad\All_IPT\AX01-100076470.ipt,M38140 ,MA,YHAM,Z273,135,
C:\Temp\Test02_versionUpgrad\All_IPT\AX01-100076508.ipt,M38140 ,MA,YHAM,Z273,135,
C:\Temp\Test02_versionUpgrad\All_IPT\AX01-100077277.ipt,M38140 ,MA,YHAM,Z273,135,
C:\Temp\Test02_versionUpgrad\All_IPT\AX01-100079323.ipt,M38140 ,MA,YHAM,Z276,135,
C:\Temp\Test02_versionUpgrad\All_IPT\AX01-100130916.ipt,M38140 ,MA,,Z276,135,
C:\Temp\Test02_versionUpgrad\All_IPT\AX01-100130922_MIR.ipt,,,,,135,
C:\Temp\Test02_versionUpgrad\All_IPT\AX01-100130928.ipt,M38140 ,MA,,Z276,135,
C:\Temp\Test02_versionUpgrad\All_IPT\AX01-100130978.ipt,M38140 ,MA,YHAM,Z276,135,
C:\Temp\Test02_versionUpgrad\All_IPT\AX01-100131019.ipt,M38140 ,MA,YHAM,Z276,135,
C:\Temp\Test02_versionUpgrad\All_IPT\AX01-100131192.ipt,M38140 ,MA,,Z276,135,
C:\Temp\Test02_versionUpgrad\All_IPT\AX01-100131338.ipt,M38140 ,MA,YHAM,Z276,135,
C:\Temp\Test02_versionUpgrad\All_IPT\AX01-100131349.ipt,M38140 ,MA,YHAM,Z276,135,
C:\Temp\Test02_versionUpgrad\All_IPT\AX01-100131367.ipt,M38140 ,MA,YHAM,Z276,135,
C:\Temp\Test02_versionUpgrad\All_IPT\AX01-100131372.ipt,M38140 ,MA,YHAM,Z276,135,
C:\Temp\Test02_versionUpgrad\All_IPT\AX01-100131385.ipt,M38140 ,MA,YHAM,Z273,135,
C:\Temp\Test02_versionUpgrad\All_IPT\AX01-100131386.ipt,M38140 ,MA,YHAM,Z273,135,
C:\Temp\Test02_versionUpgrad\All_IPT\AX01-100131391.ipt,M38140 ,MA,YHAM,Z273,135,
C:\Temp\Test02_versionUpgrad\All_IPT\AX01-100137320.ipt,M38140 ,MA,YHAM,Z276,135,
C:\Temp\Test02_versionUpgrad\All_IPT\AX01-100139844.ipt,M38140 ,MA,YHAM,Z273,135,
C:\Temp\Test02_versionUpgrad\All_IPT\AX01-100139872.ipt,M38140 ,MC,,Z276,135,
C:\Temp\Test02_versionUpgrad\All_IPT\AX01-100140003.ipt,M38140 ,MA,,Z273,135,
C:\Temp\Test02_versionUpgrad\All_IPT\AX01-100145270.ipt,M38140 ,MA,,Z276,135,
C:\Temp\Test02_versionUpgrad\All_IPT\AX03-100040568.ipt,M38140 ,EG,YHAM,Z276,135,
C:\Temp\Test02_versionUpgrad\All_IPT\AX03-100040574.ipt,M38140 ,EG,YHAM,Z276,135,
C:\Temp\Test02_versionUpgrad\All_IPT\AX04-100001364.ipt,M38150 ,EG,YHAM,Z276,135,
C:\Temp\Test02_versionUpgrad\All_IPT\AX04-100001551.1.ipt,M38140 ,MC,YHAM,Z273,135,
C:\Temp\Test02_versionUpgrad\All_IPT\AX04-100001551.2.ipt,M38140 ,MC,YHAM,Z273,135,
C:\Temp\Test02_versionUpgrad\All_IPT\AX04-100001552.2.ipt,M38140 ,MC,YHAM,Z273,135,
C:\Temp\Test02_versionUpgrad\All_IPT\AX04-100002010.ipt,M38140 ,MA,YHAM,Z276,135,
C:\Temp\Test02_versionUpgrad\All_IPT\AX04-100002131.ipt,M38140 ,EG,YHAM,Z276,135,
C:\Temp\Test02_versionUpgrad\All_IPT\AX04-100002259.ipt,M38140 ,EG,YHAM,Z273,135,
C:\Temp\Test02_versionUpgrad\All_IPT\AX04-100002780.ipt,M38140 ,EG,YHAM,SCREENMISC,135,
C:\Temp\Test02_versionUpgrad\All_IPT\AX04-100002807.ipt,M38140 ,MC,YHAM,Z276,135,
C:\Temp\Test02_versionUpgrad\All_IPT\AX04-100004353.ipt,M38140 ,EG,YHAM,Z276,135,
C:\Temp\Test02_versionUpgrad\All_IPT\AX04-100004360.ipt,M38150 ,EG,YHAM,Z273,135,
C:\Temp\Test02_versionUpgrad\All_IPT\AX04-100004370.ipt,M38140 ,EG,YHAM,Z273,135,
C:\Temp\Test02_versionUpgrad\All_IPT\AX04-100004473.ipt,M38140 ,EG,YHAM,Z273,135,
C:\Temp\Test02_versionUpgrad\All_IPT\AX04-100005014.ipt,M38140 ,MC,YHAM,SCREENMISC,135,
C:\Temp\Test02_versionUpgrad\All_IPT\AX04-100005872.ipt,M38150 ,EG,YHAM,Z215,135,
C:\Temp\Test02_versionUpgrad\All_IPT\AX04-100005879.ipt,M38150 ,EG,YHAM,Z215,135,
C:\Temp\Test02_versionUpgrad\All_IPT\AX04-100005886.ipt,M38150 ,EG,YHAM,Z215,135,
C:\Temp\Test02_versionUpgrad\All_IPT\AX04-100005892.ipt,M38150 ,EG,YHAM,Z215,135,
C:\Temp\Test02_versionUpgrad\All_IPT\AX04-100005902.ipt,M38140 ,EG,YHAM,Z276,135,
C:\Temp\Test02_versionUpgrad\All_IPT\AX04-100005908.ipt,M38150 ,EG,YHAM,Z276,135,
C:\Temp\Test02_versionUpgrad\All_IPT\AX04-100005938.ipt,M38150 ,EG,YHAM,Z276,135,
C:\Temp\Test02_versionUpgrad\All_IPT\AX04-100005991.ipt,M38140 ,EG,YHAM,Z276,135,
C:\Temp\Test02_versionUpgrad\All_IPT\AX04-100005997.ipt,M38140 ,EG,YHAM,Z276,135,
C:\Temp\Test02_versionUpgrad\All_IPT\AX04-100006003.ipt,M38140 ,EG,YHAM,Z276,135,
C:\Temp\Test02_versionUpgrad\All_IPT\AX04-100006086.ipt,M38150 ,EG,YHAM,Z215,135,
C:\Temp\Test02_versionUpgrad\All_IPT\AX04-100006092.ipt,M38150 ,EG,YHAM,Z215,135,
C:\Temp\Test02_versionUpgrad\All_IPT\AX04-100006723.ipt,M38140 ,EG,YHAM,SCREENMISC,135,
C:\Temp\Test02_versionUpgrad\All_IPT\AX04-100006745.ipt,M38140 ,MA,YHAM,Z276,135,
C:\Temp\Test02_versionUpgrad\All_IPT\AX04-100006771.ipt,M38140 ,EG,YHAM,Z276,135,
C:\Temp\Test02_versionUpgrad\All_IPT\AX04-100007777.ipt,M38140 ,MA,YHAM,Z276,135,
C:\Temp\Test02_versionUpgrad\All_IPT\AX04-100008358.ipt,M38140 ,EG,YHAM,Z276,135,
C:\Temp\Test02_versionUpgrad\All_IPT\AX04-100008364.1.ipt,M38140 ,EG,YHAM,Z276,135,
C:\Temp\Test02_versionUpgrad\All_IPT\AX04-100008398.ipt,M38140 ,EG,YHAM,Z276,135,
C:\Temp\Test02_versionUpgrad\All_IPT\AX04-100008679.ipt,M38140 ,EG,YHAM,Z273,135,
C:\Temp\Test02_versionUpgrad\All_IPT\AX04-100009005.ipt,M38140 ,EG,YHAM,Z276,135,
C:\Temp\Test02_versionUpgrad\All_IPT\AX04-100009319.ipt,M38140 ,EG,YHAM,Z276,135,
C:\Temp\Test02_versionUpgrad\All_IPT\AX04-100010033.ipt,M38140 ,EG,YHAM,Z276,135,
C:\Temp\Test02_versionUpgrad\All_IPT\AX05-100000230.ipt,M38150 ,MC,,LH1861G,135,
C:\Temp\Test02_versionUpgrad\All_IPT\AX05-100000237.ipt,M38150 ,EG,YHAM,LH1861G,135,
C:\Temp\Test02_versionUpgrad\All_IPT\AX05-100000245.ipt,M38140 ,MA,YHAM,Z273,135,
C:\Temp\Test02_versionUpgrad\All_IPT\AX05-100000253.ipt,M38150 ,MA,YHAM,LH1848G,135,
C:\Temp\Test02_versionUpgrad\All_IPT\AX05-100000269.ipt,M38150 ,EG,YHAM,LH1861G,135,
C:\Temp\Test02_versionUpgrad\All_IPT\AX05-100000277.ipt,M38150 ,MC,,LH1848G,135,
C:\Temp\Test02_versionUpgrad\All_IPT\AX05-100001410.ipt,M38150 ,EG,YHAM,SCREENMISC,135,
C:\Temp\Test02_versionUpgrad\All_IPT\AX05-100001419.ipt,M38150 ,EG,YHAM,SCREENMISC,135,
C:\Temp\Test02_versionUpgrad\All_IPT\AX05-100001455.ipt,M38140 ,EG,YHAM,SCREENMISC,135,
C:\Temp\Test02_versionUpgrad\All_IPT\AX05-100001466.ipt,,,,,,
C:\Temp\Test02_versionUpgrad\All_IPT\AX05-100001481.ipt,M38140 ,EG,YHAM,SCREENMISC,135,
C:\Temp\Test02_versionUpgrad\All_IPT\AX05-100001520.2.ipt,,EG,YHAM,,135,
C:\Temp\Test02_versionUpgrad\All_IPT\AX05-100001522.ipt,M38140 ,EG,YHAM,SCREENMISC,135,
C:\Temp\Test02_versionUpgrad\All_IPT\AX05-100002073.002.ipt,M38140 ,MB,YHAM,SCREENMISC,135,
C:\Temp\Test02_versionUpgrad\All_IPT\AX05-100002564.ipt,M38140 ,EG,YHAM,SCREENMISC,135,
C:\Temp\Test02_versionUpgrad\All_IPT\AX05-100002639.ipt,M36040 ,MC,YHAM,SCREENMISC,135,
C:\Temp\Test02_versionUpgrad\All_IPT\AX05-100002670.ipt,M38140 ,EG,YHAM,SCREENMISC,135,
C:\Temp\Test02_versionUpgrad\All_IPT\AX05-100002672.ipt,M38140 ,EG,YHAM,SCREENMISC,135,
C:\Temp\Test02_versionUpgrad\All_IPT\AX05-100002710.ipt,M38140 ,EG,YHAM,SCREENMISC,135,
C:\Temp\Test02_versionUpgrad\All_IPT\AX05-100003016.ipt,M38140 ,EG,YHAM,Z273,135,
C:\Temp\Test02_versionUpgrad\All_IPT\AX05-100003054.ipt,M38140 ,EG,YHAM,SCREENMISC,135,
C:\Temp\Test02_versionUpgrad\All_IPT\AX05-100003229.ipt,M38150 ,MA,YHAM,Z215,135,
C:\Temp\Test02_versionUpgrad\All_IPT\AX05-100003234.ipt,M38150 ,MA,YHAM,Z215,135,
C:\Temp\Test02_versionUpgrad\All_IPT\AX05-100003235.ipt,M38150 ,MA,YHAM,Z215,135,
C:\Temp\Test02_versionUpgrad\All_IPT\AX05-100003239.ipt,M38150 ,MA,YHAM,Z215,135,
C:\Temp\Test02_versionUpgrad\All_IPT\AX05-100003248.ipt,M38150 ,EG,YHAM,LH1448G,135,
C:\Temp\Test02_versionUpgrad\All_IPT\AX05-100003259.ipt,M38140 ,MC,YHAM,Z276,135,
C:\Temp\Test02_versionUpgrad\All_IPT\AX05-100003279.ipt,M38150 ,MA,YHAM,Z215,135,
C:\Temp\Test02_versionUpgrad\All_IPT\AX05-100003287.ipt,M38150 ,MA,YHAM,Z215,135,
C:\Temp\Test02_versionUpgrad\All_IPT\AX05-100003334.ipt,M38150 ,EG,YHAM,Z273,135,
C:\Temp\Test02_versionUpgrad\All_IPT\AX08-100213920.ipt,M38140 ,EG,YHAM,Z273,135,
C:\Temp\Test02_versionUpgrad\All_IPT\AX08-100221432.ipt,M38140 ,EG,YHAM,Z273,135,
C:\Temp\Test02_versionUpgrad\All_IPT\AX08-100221545.ipt,M38140 ,MA,YHAM,Z273,135,
C:\Temp\Test02_versionUpgrad\All_IPT\AX08-100221556.ipt,M38140 ,MA,YHAM,Z273,135,
C:\Temp\Test02_versionUpgrad\All_IPT\AX08-100222972.ipt,M38140 ,EG,YHAM,Z273,135,
C:\Temp\Test02_versionUpgrad\All_IPT\AX08-100234115.ipt,M38140 ,EG,YHAM,Z273,135,
C:\Temp\Test02_versionUpgrad\All_IPT\BN2W M30X150 109G.ipt,M38140 ,EG,YHAM,Z276,135,
C:\Temp\Test02_versionUpgrad\All_IPT\Copy of AX00-100014483.ipt,M38140 ,EG,YHAM,Z271,135,
C:\Temp\Test02_versionUpgrad\All_IPT\Copy of Cross Beam Feed - Plate.ipt,M38140 ,MA,,Z276,135,
C:\Temp\Test02_versionUpgrad\All_IPT\Copy of long beam - bottom plate disch.ipt,M38140 ,MA,,Z276,135,
C:\Temp\Test02_versionUpgrad\All_IPT\Copy of long beam - bottom plate feed.ipt,M38140 ,MA,,Z276,135,
C:\Temp\Test02_versionUpgrad\All_IPT\Copy of long beam - side plate.ipt,M38140 ,MA,,Z276,135,
C:\Temp\Test02_versionUpgrad\All_IPT\Copy of long beam - T plate.ipt,M38140 ,MA,,Z276,135,
C:\Temp\Test02_versionUpgrad\All_IPT\Copy of MM0383143.ipt,M38140 ,EG,YHAM,Z273,135,
C:\Temp\Test02_versionUpgrad\All_IPT\Copy of MSC00-000000063.ipt,M38140 ,FE,YHAM,Z271,135,
C:\Temp\Test02_versionUpgrad\All_IPT\Copy of MSC00-000000066.ipt,M38140 ,FE,YHAM,Z271,135,
C:\Temp\Test02_versionUpgrad\All_IPT\Copy of pedestal big feed - plate.ipt,M38140 ,MA,,Z276,135,
C:\Temp\Test02_versionUpgrad\All_IPT\Copy of pedestal small disch - plate.ipt,M38140 ,MA,,Z276,135,
C:\Temp\Test02_versionUpgrad\All_IPT\Copy of pedestal small feed - plate.ipt,M38140 ,MA,,Z276,135,
C:\Temp\Test02_versionUpgrad\All_IPT\Cross Beam Disch - Plate.ipt,M38140 ,MA,,Z276,135,
C:\Temp\Test02_versionUpgrad\All_IPT\Cross Beam Feed - Plate.ipt,M38140 ,MA,,Z276,135,
C:\Temp\Test02_versionUpgrad\All_IPT\H_2316locknut.ipt,M38140 ,FA,YHAM,Z273,135,
C:\Temp\Test02_versionUpgrad\All_IPT\long beam - bottom plate disch.ipt,M38140 ,MA,,Z276,135,
C:\Temp\Test02_versionUpgrad\All_IPT\long beam - bottom plate feed.ipt,M38140 ,MA,,Z276,135,
C:\Temp\Test02_versionUpgrad\All_IPT\long beam - side plate.ipt,M38140 ,MA,,Z276,135,
C:\Temp\Test02_versionUpgrad\All_IPT\long beam - T plate.ipt,M38140 ,MA,,Z276,135,
C:\Temp\Test02_versionUpgrad\All_IPT\Main_HEXAGONAL NUT_N01563012_0_001_1_0_NULL.ipt,,,,,,
C:\Temp\Test02_versionUpgrad\All_IPT\MECHANISM_BEAM_LOWER_PLATE.ipt,,,YHAM,,,
C:\Temp\Test02_versionUpgrad\All_IPT\MM0355557.ipt,M38140 ,CA,YHAM,Z271,,
C:\Temp\Test02_versionUpgrad\All_IPT\MM0370628.ipt,M38140 ,EG,YHAM,Z273,135,
C:\Temp\Test02_versionUpgrad\All_IPT\MM0370633.ipt,M38140 ,MA,YHAM,Z273,135,
C:\Temp\Test02_versionUpgrad\All_IPT\MM0370647.ipt,M38140 ,EG,YHAM,Z273,135,
C:\Temp\Test02_versionUpgrad\All_IPT\MM0370683.ipt,M38140 ,MA,YHAM,Z273,135,
C:\Temp\Test02_versionUpgrad\All_IPT\MM0370689.ipt,M38140 ,EG,YHAM,Z273,135,
C:\Temp\Test02_versionUpgrad\All_IPT\MM0370716.ipt,M38140 ,EG,YHAM,Z273,135,
C:\Temp\Test02_versionUpgrad\All_IPT\MM0370720.ipt,M38140 ,EG,YHAM,Z273,135,
C:\Temp\Test02_versionUpgrad\All_IPT\MM0375152 - Reinforcement Plate.ipt,,,,,,
C:\Temp\Test02_versionUpgrad\All_IPT\MM0375166 - Plate.ipt,,,,,,
C:\Temp\Test02_versionUpgrad\All_IPT\MM0375166.ipt,M38140 ,EG,YHAM,Z273,135,
C:\Temp\Test02_versionUpgrad\All_IPT\MM0376216.ipt,M38140 ,FE,YHAM,Z273,135,
C:\Temp\Test02_versionUpgrad\All_IPT\MM0376243.ipt,M38140 ,MA,YHAM,Z272,135,
C:\Temp\Test02_versionUpgrad\All_IPT\MM0379091.ipt,M38140 ,MA,YHAM,Z276,135,
C:\Temp\Test02_versionUpgrad\All_IPT\MM0379134.ipt,M38140 ,MA,,Z276,135,
C:\Temp\Test02_versionUpgrad\All_IPT\MM0379279 - Collecting-Plate-Middle.ipt,,,,,,
C:\Temp\Test02_versionUpgrad\All_IPT\MM0383143.ipt,M38140 ,EG,YHAM,Z273,135,
C:\Temp\Test02_versionUpgrad\All_IPT\MM0383157.ipt,M38140 ,EG,,Z273,135,
C:\Temp\Test02_versionUpgrad\All_IPT\MM0383160 - Plate.ipt,M38140 ,MA,YHAM,Z272,135,
C:\Temp\Test02_versionUpgrad\All_IPT\MM0385060_Welding-Spring-Plate.ipt,,,,,,
C:\Temp\Test02_versionUpgrad\All_IPT\MM0385062.ipt,M38140 ,EG,YHAM,Z273,135,
C:\Temp\Test02_versionUpgrad\All_IPT\MM0385067_Collecting - Plate.ipt,,,,,,
C:\Temp\Test02_versionUpgrad\All_IPT\MM0385070_Collecting_Plate_Down.ipt,,,,,,
C:\Temp\Test02_versionUpgrad\All_IPT\MM0385072_Collecting_Plate_Ouderside.ipt,,,,,,
C:\Temp\Test02_versionUpgrad\All_IPT\MM0385085_Plate.ipt,,,,,,
C:\Temp\Test02_versionUpgrad\All_IPT\MM0385085_Plate_MIR34.ipt,,,,,,
C:\Temp\Test02_versionUpgrad\All_IPT\MM0385091_Plate.ipt,,,,,,
C:\Temp\Test02_versionUpgrad\All_IPT\MM0385115_Sideboard-Door-Plate.ipt,,,,,,
C:\Temp\Test02_versionUpgrad\All_IPT\MM0385115_Sideboard-Door-Plate_MIR16.ipt,,,,,,
C:\Temp\Test02_versionUpgrad\All_IPT\MM0385121_Axis_MIR1.ipt,,,,,,
C:\Temp\Test02_versionUpgrad\All_IPT\MM0385127_Wear-Plate.ipt,,,,,,
C:\Temp\Test02_versionUpgrad\All_IPT\MM0385127_Wear-Plate_MIR25.ipt,,,,,,
C:\Temp\Test02_versionUpgrad\All_IPT\MM0385130_Bent-Plate.ipt,,,,,,
C:\Temp\Test02_versionUpgrad\All_IPT\MM0385130_Bent-Plate_MIR7.ipt,,,,,,
C:\Temp\Test02_versionUpgrad\All_IPT\MM0385133__Spring-Base-Absorber-Plate.ipt,,,,,,
C:\Temp\Test02_versionUpgrad\All_IPT\MM0385133__Spring-Base-Absorber-Plate_MIR.ipt,,,,,,
C:\Temp\Test02_versionUpgrad\All_IPT\MM0385142_Long-Beam-T-Front-Plate.ipt,,,,,,
C:\Temp\Test02_versionUpgrad\All_IPT\MM0385142_Long-Beam-T-Front-Plate_MIR7.ipt,,,,,,
C:\Temp\Test02_versionUpgrad\All_IPT\MM0385144_Rail-Transport-Plate.ipt,,,,,,
C:\Temp\Test02_versionUpgrad\All_IPT\MM0385149_Pedesta-Small-Disch-Plate.ipt,,,,,,
C:\Temp\Test02_versionUpgrad\All_IPT\MM0385149_Pedesta-Small-Disch-Plate_MIR7.ipt,,,,,,
C:\Temp\Test02_versionUpgrad\All_IPT\MM0385153_Spring-Base-Absorber-Plate-Long.ipt,,,,,,
C:\Temp\Test02_versionUpgrad\All_IPT\MM0385154_Spring-Base-Disch-Plate.ipt,,,,,,
C:\Temp\Test02_versionUpgrad\All_IPT\MM0385155_Spring-Base-Disch-Plate-Ground.ipt,,,,,,
C:\Temp\Test02_versionUpgrad\All_IPT\MM0385158_Spring-Base-Feed-Plate.ipt,,,,,,
C:\Temp\Test02_versionUpgrad\All_IPT\MM0385160_Wear-Plate.ipt,,,,,,
C:\Temp\Test02_versionUpgrad\All_IPT\MM0385160_Wear-Plate_MIR25.ipt,,,,,,
C:\Temp\Test02_versionUpgrad\All_IPT\MM0385162_Wear-Plate.ipt,,,,,,
C:\Temp\Test02_versionUpgrad\All_IPT\MM0385162_Wear-Plate_MIR25.ipt,,,,,,
C:\Temp\Test02_versionUpgrad\All_IPT\MM0385163_Wear-Plate.ipt,,,,,,
C:\Temp\Test02_versionUpgrad\All_IPT\MM0385163_Wear-Plate_MIR25.ipt,,,,,,
C:\Temp\Test02_versionUpgrad\All_IPT\MM0385165_Wear-Plate.ipt,,,,,,
C:\Temp\Test02_versionUpgrad\All_IPT\MM0385165_Wear-Plate_MIR2.ipt,,,,,,
C:\Temp\Test02_versionUpgrad\All_IPT\MM0385166_Wear-Plate.ipt,,,,,,
C:\Temp\Test02_versionUpgrad\All_IPT\MM0385167_Wear-Plate.ipt,,,,,,
C:\Temp\Test02_versionUpgrad\All_IPT\MM0385167_Wear-Plate_MIR.ipt,,,,,,
C:\Temp\Test02_versionUpgrad\All_IPT\MM0385169_Wear-Plate.ipt,,,,,,
C:\Temp\Test02_versionUpgrad\All_IPT\MM0385169_Wear-Plate_MIR17.ipt,,,,,,
C:\Temp\Test02_versionUpgrad\All_IPT\MM0385177_Plate-Door.ipt,,,,,,
C:\Temp\Test02_versionUpgrad\All_IPT\MM0385178_Plate.ipt,,,,,,
C:\Temp\Test02_versionUpgrad\All_IPT\MM0385179_Wear-Plate.ipt,,,,,,
C:\Temp\Test02_versionUpgrad\All_IPT\MM0385187_Plate.ipt,,,,,,
C:\Temp\Test02_versionUpgrad\All_IPT\MM0385189_Collecting-Plate-Left.ipt,,,,,,
C:\Temp\Test02_versionUpgrad\All_IPT\MM0385194_Spring-Plate-Feed-Plateground.ipt,,,,,,
C:\Temp\Test02_versionUpgrad\All_IPT\MM0385197_Spring-Guide-Disch-Plate.ipt,,,,,,
C:\Temp\Test02_versionUpgrad\All_IPT\MM0385197_Spring-Guide-Disch-Plate_MIR1.ipt,,,,,,
C:\Temp\Test02_versionUpgrad\All_IPT\MM0385198_Main-Support-Plate.ipt,,,,,,
C:\Temp\Test02_versionUpgrad\All_IPT\MM0385198_Main-Support-Plate_MIR1.ipt,,,,,,
C:\Temp\Test02_versionUpgrad\All_IPT\MM0385209.ipt,M38140 ,EG,YHAM,Z273,135,
C:\Temp\Test02_versionUpgrad\All_IPT\MM0385215_Plate.ipt,,,,,,
C:\Temp\Test02_versionUpgrad\All_IPT\MM0385218_Plate.ipt,,,,,,
C:\Temp\Test02_versionUpgrad\All_IPT\MM0385219_Plate.ipt,,,,,,
C:\Temp\Test02_versionUpgrad\All_IPT\MM0385220_Plate.ipt,,,,,,
C:\Temp\Test02_versionUpgrad\All_IPT\MM0385228_Spring-Guide-Feed-Plate.ipt,,,,,,
C:\Temp\Test02_versionUpgrad\All_IPT\MM0385235_Collecting-Plate-Stiffening.ipt,,,,,,
C:\Temp\Test02_versionUpgrad\All_IPT\MM0385236_Collecting-Plate-Stiffening-Left.ipt,,,,,,
C:\Temp\Test02_versionUpgrad\All_IPT\MM0385241_Plate.ipt,,,,,,
C:\Temp\Test02_versionUpgrad\All_IPT\MM0394880.ipt,M38140 ,EG,YHAM,Z273,135,
C:\Temp\Test02_versionUpgrad\All_IPT\MM0394886.ipt,M38140 ,EG,YHAM,Z273,135,
C:\Temp\Test02_versionUpgrad\All_IPT\MM0398861 - Plate.ipt,M38140 ,MA,YHAM,Z273,135,
C:\Temp\Test02_versionUpgrad\All_IPT\MM0398864 - Plate.ipt,M38140 ,MA,YHAM,Z273,135,
C:\Temp\Test02_versionUpgrad\All_IPT\MM0411569.ipt,M38140 ,MB,YHAM,Z276,135,
C:\Temp\Test02_versionUpgrad\All_IPT\MM0414220.ipt,M38140 ,MA,YHAM,Z271,135,
C:\Temp\Test02_versionUpgrad\All_IPT\MM0606723_Pin.ipt,M38140 ,,,,,
C:\Temp\Test02_versionUpgrad\All_IPT\MM0621407.ipt,M38140 ,EG,YHAM,Z272,135,
C:\Temp\Test02_versionUpgrad\All_IPT\MMx03706x27_Plate.ipt,,,,,,
C:\Temp\Test02_versionUpgrad\All_IPT\MSC00-000000010.ipt,M38140 ,EG,YHAM,Z273,135,
C:\Temp\Test02_versionUpgrad\All_IPT\MSC00-000000014.ipt,M38140 ,EG,YHAM,Z273,135,
C:\Temp\Test02_versionUpgrad\All_IPT\MSC00-000000027.ipt,M38140 ,EG,YHAM,Z273,135,
C:\Temp\Test02_versionUpgrad\All_IPT\MSC00-000000032.ipt,M38140 ,EG,YHAM,Z273,135,
C:\Temp\Test02_versionUpgrad\All_IPT\MSC00-000000047.ipt,M38140 ,EG,YHAM,Z273,135,
C:\Temp\Test02_versionUpgrad\All_IPT\MSC00-000000050.ipt,M38140 ,EG,,Z273,135,
C:\Temp\Test02_versionUpgrad\All_IPT\MSC00-000000058.ipt,M38140 ,EG,YHAM,Z273,135,
C:\Temp\Test02_versionUpgrad\All_IPT\MSC00-000000066.ipt,M38140 ,FE,YHAM,Z271,135,
C:\Temp\Test02_versionUpgrad\All_IPT\MSC00-000000082.ipt,M38140 ,EG,YHAM,Z273,135,
C:\Temp\Test02_versionUpgrad\All_IPT\MSC00-000000091.ipt,M38140 ,MA,,Z276,135,
C:\Temp\Test02_versionUpgrad\All_IPT\MSC00-000000101.ipt,M38140 ,EG,YHAM,Z273,135,
C:\Temp\Test02_versionUpgrad\All_IPT\MSC00-000000184.ipt,M38140 ,EG,,Z272,135,
C:\Temp\Test02_versionUpgrad\All_IPT\MSC00-000000192.ipt,M38140 ,EG,,Z272,135,
C:\Temp\Test02_versionUpgrad\All_IPT\MSC00-000000199.ipt,M38140 ,EG,,Z272,135,
C:\Temp\Test02_versionUpgrad\All_IPT\MSC00-000000209.ipt,M38140 ,EG,YHAM,Z272,135,
C:\Temp\Test02_versionUpgrad\All_IPT\MSC00-000000216.ipt,M38140 ,EG,YHAM,Z272,135,
C:\Temp\Test02_versionUpgrad\All_IPT\MSC00-000000223.ipt,M38140 ,EG,,Z272,135,
C:\Temp\Test02_versionUpgrad\All_IPT\MSC00-000000231.ipt,M38140 ,EG,,Z272,135,
C:\Temp\Test02_versionUpgrad\All_IPT\MSC04-000000002.ipt,M38140 ,HE,,Z273,135,
C:\Temp\Test02_versionUpgrad\All_IPT\MSC04-000000007.ipt,M38140 ,HE,,Z273,135,
C:\Temp\Test02_versionUpgrad\All_IPT\NBN40-U1K-N0.ipt,M38140 ,EG,YHAM,Z276,135,
C:\Temp\Test02_versionUpgrad\All_IPT\pedestal big feed - plate.ipt,M38140 ,MA,,Z276,135,
C:\Temp\Test02_versionUpgrad\All_IPT\pedestal small disch - plate.ipt,M38140 ,MA,,Z276,135,
C:\Temp\Test02_versionUpgrad\All_IPT\pedestal small feed - plate.ipt,M38140 ,MA,,Z276,135,
C:\Temp\Test02_versionUpgrad\All_IPT\Plate 1.ipt,,,YHAM,,,
C:\Temp\Test02_versionUpgrad\All_IPT\Plate 3.ipt,,,YHAM,,,
C:\Temp\Test02_versionUpgrad\All_IPT\Plate 4.ipt,,,YHAM,,,
C:\Temp\Test02_versionUpgrad\All_IPT\Plate 5.ipt,,,YHAM,,,
C:\Temp\Test02_versionUpgrad\All_IPT\Plate 8.ipt,,,YHAM,,,
C:\Temp\Test02_versionUpgrad\All_IPT\PLATE...ipt,,,YHAM,,,
C:\Temp\Test02_versionUpgrad\All_IPT\RUBBER_32.ipt,M38150 ,FE,YHAM,Z271,135,
C:\Temp\Test02_versionUpgrad\All_IPT\sideliner_Feedbox_RH.ipt,M38140 ,EG,YHAM,Z273,135,
C:\Temp\Test02_versionUpgrad\All_IPT\SP-22-0512.ipt,M38140 ,,,,135,
C:\Temp\Test02_versionUpgrad\All_IPT\SP-26-000-181.ipt,M38140 ,EG,YHAM,Z276,135,
C:\Temp\Test02_versionUpgrad\All_IPT\SP-26-001-010-289.ipt,,,,,096,
C:\Temp\Test02_versionUpgrad\All_IPT\Spring Base Disch - Adapter Plate.ipt,M38140 ,MA,,Z276,135,
C:\Temp\Test02_versionUpgrad\All_IPT\Spring Base Disch - Ground Plate.ipt,M38140 ,MA,YHAM,Z276,135,
C:\Temp\Test02_versionUpgrad\All_IPT\Spring Base Disch - Top Plate.ipt,M38140 ,MA,YHAM,Z276,135,
C:\Temp\Test02_versionUpgrad\All_IPT\Spring Base Feed - Adapter Plate.ipt,M38140 ,MA,,Z276,135,
C:\Temp\Test02_versionUpgrad\All_IPT\Spring Base Feed - Ground Plate.ipt,M38140 ,MA,,Z276,135,
C:\Temp\Test02_versionUpgrad\All_IPT\Spring Base Feed - Top Plate.ipt,M38140 ,MA,,Z276,135,
C:\Temp\Test02_versionUpgrad\All_IPT\WZ-2-7962.ipt,M38150 ,MA,YHAM,Z271,135,
C:\Temp\Test02_versionUpgrad\All_IPT\ZX11840779.ipt,M38150 ,EG,YHAM,Z215,135,
C:\Temp\Test02_versionUpgrad\All_IPT\ZX11854460.ipt,M38140 ,EG,YHAM,Z272,135,
